feature,importance
cat__TXN_LOCATION_TYPE_Unknown,0.36066899723597784
num__NO_OF_CONTRD,0.12048630850323072
num__PAT_AGE,0.0649572058055765
num__PATIENT_ID,0.06395046331054861
num__NO_OF_CONDN,0.05612436930527135
num__NO_OF_SYMPT,0.048711253000987685
cat__TXN_LOCATION_TYPE_OFFICE,0.016568088827635122
cat__PAT_GENDER_F,0.011103676992005547
cat__PHY_PHYSICIAN_TYPE_FAMILY MEDICINE,0.01068120371656167
cat__PAT_GENDER_M,0.010468646316850357
cat__PHY_PHYSICIAN_TYPE_PHYSICIAN ASSISTANT,0.009980603880676283
cat__PHY_STATE_TX,0.009975725448336893
cat__TXN_LOCATION_TYPE_URGENT CARE FACILITY,0.009684873095480944
cat__PHY_PHYSICIAN_TYPE_NURSE PRACTITIONER,0.008856998182803295
cat__INSURANCE_TYPE_MEDICARE,0.008655093975561834
cat__INSURANCE_TYPE_COMMERCIAL,0.008594392142145399
cat__PHY_PHYSICIAN_TYPE_EMERGENCY MEDICINE,0.008214991386138293
cat__PHY_STATE_CA,0.007889850785274608
cat__PHY_PHYSICIAN_TYPE_INTERNAL MEDICINE,0.00786695009034064
cat__PHY_STATE_GA,0.007075357347679952
cat__TXN_LOCATION_TYPE_TELEHEALTH PROVIDED OTHER THAN IN PATIENT'S HOME,0.005467215508360919
cat__TXN_LOCATION_TYPE_EMERGENCY ROOM - HOSPITAL,0.005274874880492435
cat__PHY_STATE_AZ,0.005027703308370732
cat__PHY_STATE_NY,0.004758499013825613
cat__INSURANCE_TYPE_CASH,0.003993268376657976
cat__PHY_STATE_MN,0.0038994961327889844
cat__PHY_STATE_WI,0.0038905107248532454
cat__PHY_STATE_MO,0.0038188359082411694
cat__TXN_LOCATION_TYPE_HOSPITAL OUTPATIENT,0.003804703727211533
cat__PHY_STATE_MD,0.0036596721546453153
cat__PHY_STATE_MI,0.0034085603398246694
cat__PHY_STATE_FL,0.0033636222488394583
cat__PHY_STATE_IL,0.0031927031134122825
cat__PHY_STATE_NV,0.0031728479748948045
cat__PHY_STATE_OR,0.003161636165685534
cat__PHY_PHYSICIAN_TYPE_UNKNOWN,0.0030573164499445634
cat__PHY_STATE_TN,0.0030339381644874375
cat__PHY_STATE_IN,0.002966177589689645
cat__PHY_STATE_MA,0.002935465439832256
cat__PHY_STATE_VA,0.002787686771959028
cat__PHY_STATE_OH,0.0027173904827621385
cat__PHY_PHYSICIAN_TYPE_CARDIOVASCULAR DISEASE,0.0027167802503439815
cat__PHY_STATE_CO,0.002682655280686313
cat__PHY_STATE_UNKNOWN,0.0025744082866010296
cat__PHY_STATE_UT,0.0025195306184074783
cat__PHY_STATE_WA,0.002517672052261345
cat__PHY_STATE_AR,0.00249627923608368
cat__PHY_STATE_CT,0.002397538453535526
cat__PHY_STATE_PA,0.0022285256636295674
cat__PHY_STATE_NM,0.0022187112675580013
cat__PHY_PHYSICIAN_TYPE_INTERNAL MEDICINE/FAMILY MEDICINE,0.002182803849373429
cat__INSURANCE_TYPE_MEDICAID,0.002177673000156474
cat__PHY_STATE_LA,0.0021673144610774545
cat__PHY_PHYSICIAN_TYPE_NEUROLOGY,0.0020736562510206393
cat__PHY_PHYSICIAN_TYPE_UROLOGY,0.0020412319058641278
cat__PHY_STATE_HI,0.0020320231196793857
cat__PHY_STATE_NJ,0.0020242197182436957
cat__TXN_LOCATION_TYPE_TELEHEALTH PROVIDED IN PATIENT'S HOME,0.0019489595800209225
cat__PHY_STATE_DC,0.0019301561667219031
cat__PHY_STATE_KY,0.0018906890609459563
cat__PHY_PHYSICIAN_TYPE_RADIATION ONCOLOGY,0.0018251516429288498
cat__PHY_STATE_MT,0.0017690531941865436
cat__TXN_LOCATION_TYPE_INPATIENT HOSPITAL,0.0017576411688783483
cat__PHY_STATE_NC,0.0017200936491499944
cat__PHY_STATE_IA,0.0014738023977760226
cat__PHY_STATE_AL,0.0013869932299257583
cat__TXN_LOCATION_TYPE_UNASSIGNED,0.0013854061906505143
cat__PHY_STATE_RI,0.0013216765731532945
cat__PHY_PHYSICIAN_TYPE_OBSTETRICS & GYNECOLOGY,0.0012584996159058837
cat__PHY_PHYSICIAN_TYPE_PULMONARY CRITICAL CARE MEDICINE,0.0011949201858082893
cat__TXN_LOCATION_TYPE_ON CAMPUS-OUTPATIENT HOSPITAL,0.0010723784316348088
cat__TXN_LOCATION_TYPE_OTHER PLACE OF SERVICE,0.0010616642050607136
cat__PHY_STATE_DE,0.0009531290087214649
cat__PHY_PHYSICIAN_TYPE_GERIATRIC MEDICINE (INTERNAL MEDICINE),0.0009270234438739486
cat__PHY_PHYSICIAN_TYPE_INTERVENTIONAL CARDIOLOGY,0.0006517665806957957
cat__PHY_STATE_KS,0.0006054892553964493
cat__PHY_PHYSICIAN_TYPE_CLINICAL NEUROPHYSIOLOGY,0.000533041155602989
cat__TXN_LOCATION_TYPE_INDEPENDENT LABORATORY,0.0004887488291254929
cat__PHY_PHYSICIAN_TYPE_DIAGNOSTIC RADIOLOGY,0.00047874250658582927
cat__PHY_PHYSICIAN_TYPE_PEDIATRICS,0.0004488546040078872
cat__PHY_STATE_WY,0.00041830848650241495
cat__PHY_PHYSICIAN_TYPE_PSYCHIATRY,0.00041658799499692605
cat__TXN_LOCATION_TYPE_RURAL HEALTH CLINIC,0.00038662499411931184
cat__PHY_PHYSICIAN_TYPE_GENERAL PRACTICE,0.00037740290242183213
cat__PHY_STATE_SC,0.000353181135497828
cat__TXN_LOCATION_TYPE_FEDERALLY QUALIFIED HEALTH CENTER,0.00033986942688097135
cat__PHY_PHYSICIAN_TYPE_PHYSICAL MEDICINE & REHABILITATION,0.00028108461442080885
cat__TXN_LOCATION_TYPE_HOSPITAL INPATIENT (INCLUDING MEDICARE PART A),0.0002748625332040617
cat__TXN_LOCATION_TYPE_OFF CAMPUS-OUTPATIENT HOSPITAL,0.0002558102411519275
cat__TXN_LOCATION_TYPE_CLINIC  - FEDERALLY QUALIFIED HEALTH CENTER (FQHC),0.00024153344397544912
cat__TXN_LOCATION_TYPE_CLINIC - RURAL HEALTH,0.00024124787650910126
cat__PHY_PHYSICIAN_TYPE_HEMATOLOGY/ONCOLOGY,0.00021409787794055284
cat__TXN_LOCATION_TYPE_HOSPITAL - LABORATORY SERVICES PROVIDED TO NON-PATIENTS,0.00021150554250025564
cat__PHY_PHYSICIAN_TYPE_CHILD NEUROLOGY,0.00020096627064528284
cat__PHY_STATE_MS,0.0001783730359903532
cat__PHY_PHYSICIAN_TYPE_ANATOMIC/CLINICAL PATHOLOGY,0.00017640272958818515
cat__PHY_STATE_NH,0.00017127753823204588
"cat__PHY_PHYSICIAN_TYPE_ENDOCRINOLOGY, DIABETES & METABOLISM",0.00016405531411876114
cat__PHY_STATE_OK,0.00015189024381561316
cat__TXN_LOCATION_TYPE_CLINIC - FREESTANDING,0.00014449537414117889
cat__TXN_LOCATION_TYPE_AMBULANCE - LAND,0.00014448717180272442
cat__TXN_LOCATION_TYPE_WALK-IN RETAIL HEALTH CLINIC,0.0001383212014485915
cat__PHY_PHYSICIAN_TYPE_PODIATRIST,0.00010912465028887702
cat__PHY_PHYSICIAN_TYPE_HOSPITALIST,0.00010362408027255092
cat__PHY_PHYSICIAN_TYPE_INTERNAL MEDICINE/PEDIATRICS,8.822556280914617e-05
cat__PHY_PHYSICIAN_TYPE_HEMATOLOGY (PATHOLOGY),8.557686959210036e-05
cat__PHY_PHYSICIAN_TYPE_INFECTIOUS DISEASE,8.366968806840729e-05
cat__PHY_STATE_PR,8.019949307100844e-05
cat__PHY_STATE_NE,7.735800282597378e-05
cat__PHY_PHYSICIAN_TYPE_GASTROENTEROLOGY,7.369386340765866e-05
cat__PHY_STATE_ME,7.349690254798611e-05
cat__PHY_STATE_WV,6.970842682957085e-05
cat__PHY_PHYSICIAN_TYPE_PEDIATRIC EMERGENCY MEDICINE (PEDIATRICS),6.968333515432334e-05
cat__PHY_PHYSICIAN_TYPE_DERMATOLOGY,5.9333084221587145e-05
cat__PHY_PHYSICIAN_TYPE_NEPHROLOGY,5.103573496664416e-05
cat__PHY_PHYSICIAN_TYPE_GENERAL SURGERY,4.439589392281005e-05
cat__PHY_PHYSICIAN_TYPE_OCCUPATIONAL THERAPY,4.322934348427949e-05
cat__PHY_PHYSICIAN_TYPE_PEDIATRIC RADIOLOGY,3.6575167615754726e-05
cat__PHY_PHYSICIAN_TYPE_INTERNAL MEDICINE/EMERGENCY MEDICINE,2.8428677531766012e-05
cat__PHY_PHYSICIAN_TYPE_CYTOPATHOLOGY,2.820393168232584e-05
cat__PHY_PHYSICIAN_TYPE_NEURORADIOLOGY,2.721149855350975e-05
cat__TXN_LOCATION_TYPE_CRITICAL ACCESS HOSPITAL,2.6032721668748043e-05
cat__PHY_PHYSICIAN_TYPE_PULMONARY DISEASE,2.592201260516379e-05
cat__PHY_PHYSICIAN_TYPE_ANESTHESIOLOGY,2.415342230577675e-05
"cat__PHY_PHYSICIAN_TYPE_STUDENT, HEALTH CARE",2.1697001924210007e-05
cat__PHY_PHYSICIAN_TYPE_GERIATRIC MEDICINE (FAMILY MEDICINE),2.1393784311454968e-05
cat__TXN_LOCATION_TYPE_MOBILE UNIT,1.2835390674042938e-05
cat__PHY_PHYSICIAN_TYPE_FORENSIC PATHOLOGY,1.2783474174118391e-05
cat__PHY_STATE_SD,1.12184341085827e-05
cat__PHY_PHYSICIAN_TYPE_MEDICAL ONCOLOGY,1.0003833755740611e-05
cat__PHY_PHYSICIAN_TYPE_ORTHOPEDIC SURGERY,9.939310864556838e-06
cat__PHY_STATE_ID,8.28766676795355e-06
cat__PHY_PHYSICIAN_TYPE_MEDICAL GENETICS,7.301041561330875e-06
cat__TXN_LOCATION_TYPE_INPATIENT PSYCHIATRIC FACILITY,5.636482106531461e-06
cat__PHY_PHYSICIAN_TYPE_DERMATOPATHOLOGY,5.628956665214751e-06
cat__PHY_STATE_AK,5.27835469219518e-06
cat__PHY_PHYSICIAN_TYPE_UNSPECIFIED,4.591052973524536e-06
cat__PHY_PHYSICIAN_TYPE_VASCULAR & INTERVENTIONAL RADIOLOGY,4.4638157989518764e-06
cat__PHY_PHYSICIAN_TYPE_SPORTS MEDICINE (FAMILY MEDICINE),3.866013037454031e-06
cat__PHY_PHYSICIAN_TYPE_RHEUMATOLOGY,3.681784462649674e-06
cat__TXN_LOCATION_TYPE_COMPREHENSIVE OUTPATIENT REHABILITATION FACILITY,3.607114781199054e-06
cat__PHY_PHYSICIAN_TYPE_BEHAVIORAL HEALTH & SOCIAL SERVICES,3.0599830789390035e-06
cat__TXN_LOCATION_TYPE_HOSPITAL - SWING BEDS,2.8593437592688596e-06
cat__PHY_PHYSICIAN_TYPE_GERIATRIC PSYCHIATRY,2.349617472540673e-06
cat__PHY_PHYSICIAN_TYPE_CLINICAL CARDIAC ELECTROPHYSIOLOGY,2.111079937253981e-06
cat__PHY_PHYSICIAN_TYPE_BLOOD BANKING/TRANSFUSION MEDICINE,1.1879350128626788e-06
cat__TXN_LOCATION_TYPE_PSYCHIATRIC FACILITY-PARTIAL HOSPITALIZATION,1.1406921225321067e-06
cat__PHY_PHYSICIAN_TYPE_CLINICAL SOCIAL WORKER,9.41431045445121e-07
cat__PHY_PHYSICIAN_TYPE_NUCLEAR RADIOLOGY,4.844017523979694e-07
cat__PHY_PHYSICIAN_TYPE_PHARMACIST,1.4859971384579491e-07
cat__PHY_PHYSICIAN_TYPE_CERTIFIED NURSE ANESTHETIST,6.658928891912787e-08
cat__PHY_PHYSICIAN_TYPE_PAIN MEDICINE,3.484407083285826e-08
cat__PHY_PHYSICIAN_TYPE_PEDIATRIC OPHTHALMOLOGY,2.980837638011077e-08
cat__INSURANCE_TYPE_UNSPECIFIED,2.593123582447514e-08
cat__TXN_LOCATION_TYPE_COMMUNITY MENTAL HEALTH CENTER,0.0
cat__TXN_LOCATION_TYPE_INTERMEDIATE CARE - LEVEL I,0.0
cat__TXN_LOCATION_TYPE_AMBULATORY SURGICAL CENTER,0.0
cat__TXN_LOCATION_TYPE_AMBULATORY SURGERY CENTER,0.0
cat__TXN_LOCATION_TYPE_PHARMACY,0.0
cat__TXN_LOCATION_TYPE_CLINIC - HOSPITAL BASED OR INDEPENDENT RENAL DIALYSIS CENTER,0.0
cat__PHY_PHYSICIAN_TYPE_COLON & RECTAL SURGERY,0.0
cat__PHY_PHYSICIAN_TYPE_CHIROPRACTIC,0.0
cat__PHY_PHYSICIAN_TYPE_ALLERGY & IMMUNOLOGY,0.0
cat__PHY_PHYSICIAN_TYPE_ADVANCED REGISTERED NURSE,0.0
cat__PHY_PHYSICIAN_TYPE_ANATOMIC PATHOLOGY,0.0
cat__PHY_PHYSICIAN_TYPE_CARDIOTHORACIC RADIOLOGY,0.0
cat__PHY_PHYSICIAN_TYPE_ADOLESCENT MEDICINE (PEDIATRICS),0.0
cat__PHY_STATE_VT,0.0
cat__PHY_PHYSICIAN_TYPE_CRITICAL CARE MEDICINE (INTERNAL MEDICINE),0.0
cat__PHY_PHYSICIAN_TYPE_ABDOMINAL RADIOLOGY,0.0
cat__PHY_PHYSICIAN_TYPE_NATUROPATHIC DOCTOR,0.0
cat__PHY_PHYSICIAN_TYPE_GENERAL PREVENTIVE MEDICINE,0.0
cat__PHY_PHYSICIAN_TYPE_HOME HEALTH/PERSONAL CARE,0.0
cat__PHY_PHYSICIAN_TYPE_HOSPICE & PALLIATIVE MEDICINE,0.0
cat__PHY_PHYSICIAN_TYPE_ORAL & MAXILLOFACIAL SURGERY,0.0
cat__PHY_PHYSICIAN_TYPE_OPTOMETRIST,0.0
cat__PHY_PHYSICIAN_TYPE_OPHTHALMOLOGY,0.0
cat__PHY_PHYSICIAN_TYPE_NEUROMUSCULAR MEDICINE (NEUROLOGY),0.0
cat__PHY_PHYSICIAN_TYPE_PEDIATRIC DERMATOLOGY,0.0
cat__PHY_PHYSICIAN_TYPE_PEDIATRIC HEMATOLOGY/ONCOLOGY,0.0
cat__PHY_PHYSICIAN_TYPE_PEDIATRIC EMERGENCY MEDICINE,0.0
cat__PHY_PHYSICIAN_TYPE_OTOLARYNGOLOGY,0.0
cat__PHY_PHYSICIAN_TYPE_PHYSICAL THERAPY,0.0
cat__PHY_PHYSICIAN_TYPE_PEDIATRIC CARDIOLOGY,0.0
cat__PHY_PHYSICIAN_TYPE_RADIOLOGY,0.0
cat__PHY_PHYSICIAN_TYPE_PSYCHOLOGY,0.0
cat__PHY_PHYSICIAN_TYPE_SPORTS MEDICINE (EMERGENCY MEDICINE),0.0
cat__PHY_PHYSICIAN_TYPE_SELECTIVE PATHOLOGY,0.0
cat__PHY_PHYSICIAN_TYPE_SURGICAL ONCOLOGY,0.0
cat__PHY_PHYSICIAN_TYPE_SPORTS MEDICINE (PEDIATRICS),0.0
